Short Address,العنوان الوطني المختصر
Documents,مستندات
License,الرخصة
License Type,أنواع الرخص
License Arabic,الرخصة بالعربي 
License English,الرخصه بالإنجليزي
Type English,النوع بالإنجليزي
Type Arabic,النوع بالعربي
Renew,تجديد
Renew before the expiration date,تجديد قبل إنتهاء التاريخ
Company Policy,سياية الشركة
mployee Exit,خروج الموظف
Attendance & Leaves,الحضور والإنصراف
Joining,الإنضمام
Salary Payout,صرف الرواتب
Transactions & Reports,المعاملات والتقارير
Deduction Reports,تقارير الخصم
Accounting Reports,تقارير المحاسبة
Payroll Reports,تقارير الرواتب
Salary Withholding,حجب الرواتب
Bulk Salary Structure Assignment,تعيين هيكلة الرواتب بالجملة
Exemption,الإعفاء
Benefits,الفوائد
Income Tax Computation,حساب ضريبة الدخل
Shift & Attendance,الدوام والحضور
Project Profitability,المشاريع الربحية
Employee Hours Utilization Based On Timesheet,ساعات عمل الموظفين بناء على جدول العمل
Shift Assignment Tool,أداة تعيين المناوبات
Shift Schedule Assignment,تعيين جدول المناوبة
hift Schedule,جدول المناوبات
Claims,المطالبات
Learn Procurement,تعليم المشتريات
Interview Type,نوع المقابلة
nterview Round,جولة المقالة
Interview,المقابلة
Interview Feedback,تعليق عن المقابلة
Grievance Type,نوع الشكوى
Employee Grievance,شكاوى الموظفين
Monthly Consumption Comparison,مقارنة الاستهلاك الشهري
Product Name,اسم المنتج
Cuisine,المطبخ
Source of Proposal,مصدر الاقتراح
Target Segment,الشريحة المستهدفة
Expected Market Size,حجم السوق المتوقع
Compatibility with Current Production Capabilities,توافق مع قدرات الإنتاج الحالية
Aligns with Company Vision & Goals,يتماشى مع رؤية وأهداف الشركة
Special Requirements,متطلبات خاصة
Solid Liquid,صلبة/سائلة
Appearance,المظهر
Texture,القوام
Taste,الطعم
Spicy,حار
Sensory Evaluation Decision,قرار التقييم الحسي
Component Type,نوع المكون
Asian,آسيوي
Chinese,صيني
Fusion,مزيج
Indian,هندي
Italian,إيطالي
Japanese,ياباني
Korean,كوري
Local,محلي
Mediterranean,متوسطي
Mexican,مكسيكي
Middle Eastern,شرق أوسطي
Thai,تايلاندي
Traditional,تقليدي
Turkish,تركي
Western,غربي
Sales,مبيعات
Customer,عميل
Competitor,منافس
Management,إدارة
RND,بحث وتطوير
Military Sector,القطاع العسكري
Hajj & Umrah,الحج والعمرة
Retail,تجزئة
Government,حكومة
Private Sector,القطاع الخاص
Export,تصدير
Low,منخفض
Medium,متوسط
High,مرتفع
Chewy,مطاطي
Dry,جاف
Firm,صلب
Grainy,حبيبي
Hard,قاسي
Lumpy,متكتل
Soggy,رطب/مبتل
Thin,رقيق
Viscous,لزج
Watery,مائي
Bitter,مر
Bland,فاتر
Fragrant,عطر
Good flavour,نكهة جيدة
Off flavour,نكهة غير مرغوبة
Peppery,فلفلي
Pungent,حاد/لاذع
Rancid,متأكسد
Salty,مالح
Sweet,حلو
Mild,خفيف
Hot,حار
Extra Hot,حار جدًا
Needs Improvement,يحتاج تحسين
Replace Required,يحتاج استبدال
Solid,صلب
Liquid,سائل
Product Info,معلومات المنتج
Product Proposal,مقترح المنتج
Product Name Arabic,اسم المنتج بالعربية
Source of Proposal,مصدر المقترح
Target Segment,الفئة المستهدفة
Expected Quantity,الكمية المتوقعة
Compatibility with Current Production Capabilities,التوافق مع قدرات الإنتاج الحالية
Selling Price,سعر البيع
Pouches that can be produced from the Raw Materials,الأكياس التي يمكن إنتاجها من المواد الخام
Holding Time,مدة الحفظ
Component Name,اسم المكوّن
Temperature,درجة الحرارة
Duration (minutes),المدة (بالدقائق)
Preparation BOM,BOM
Process Type,نوع العملية
Cooking Type,نوع الطهي
Accept,مقبول
Need Improvement,يحتاج تحسين
Sensory Evaluation,التقييم الحسي
Spicy,متبل / حار
Final Status,الحالة النهائية
Compatible,متوافق
Minor Adjustments,تعديلات بسيطة
Major Changes,تغييرات جوهرية
Not Compatible,غير متوافق
Sales,المبيعات
Customer,العميل
Competitor,المنافس
Management,الإدارة
Product Development,تطوير المنتجات
Quantity by Period,الكميات حسب الفترة
Grand Total Cost,إجمالي التكلفة الكلي,
"This report shows movement quantities and costs for the selected period, converted to the selected unit and grouped by Item Group.","يعرض هذا التقرير كميات وتكاليف الحركة خلال الفترة المحددة، مع تحويل الكمية إلى الوحدة المختارة وتجميعها حسب مجموعة الصنف."
"Date Filter","فلتر التاريخ"
"This Year","هذه السنة"
"Last Year","السنة السابقة"
"Transaction Scope","نوع العملية"
"Purchased Materials","مواد مشتراة"
"Manufactured Items","أصناف تم تصنيعها"
"Aggregation","طريقة التجميع"
"Detailed","تفصيلي"
"Group Total Only","إجمالي المجموعات فقط"
"Grand Total Only","الإجمالي الكلي فقط"
"Item / Group","الصنف / المجموعة"
"Qty ({0})","الكمية ({0})"
"Unit Cost / {0}","تكلفة الوحدة / {0}"
"Total Cost","إجمالي التكلفة"
"From Date and To Date are required for Custom mode.","يجب إدخال من تاريخ وإلى تاريخ عند اختيار الوضع المخصص."
"From Date cannot be after To Date.","لا يمكن أن يكون من تاريخ بعد إلى تاريخ."
"Month is required.","الشهر مطلوب."
"Year is required.","السنة مطلوبة."
"Year option is required.","خيار السنة مطلوب."
"Invalid month.","الشهر غير صحيح."
"No Item Group","بدون مجموعة صنف"
"Grand Qty ({0})","إجمالي الكمية ({0})"
"Report shows positive movement quantity and cost for {0}, converted to {1}.","يعرض التقرير الكمية والتكلفة للحركات الموجبة لـ {0} بعد التحويل إلى {1}."
"Report shows positive movement quantity and cost for {0}, converted to {1}. The following items were skipped because they cannot be converted to weight reliably: {2}{3}","يعرض التقرير الكمية والتكلفة للحركات الموجبة لـ {0} بعد التحويل إلى {1}. تم تجاوز الأصناف التالية لأنه لا يمكن تحويلها إلى وزن بشكل موثوق: {2}{3}"
"Total Quantity ({0})","إجمالي الكمية ({0})"
"This report shows purchased and manufactured quantities and costs for the selected period, converted to {0}.","يعرض هذا التقرير كميات وتكاليف المواد المشتراة والأصناف المصنعة خلال الفترة المحددة، بعد التحويل إلى {0}."
"This report shows purchased material quantities and costs for the selected period, converted to {0}.","يعرض هذا التقرير كميات وتكاليف المواد المشتراة خلال الفترة المحددة، بعد التحويل إلى {0}."
"This report shows manufactured item quantities and costs for the selected period, converted to {0}.","يعرض هذا التقرير كميات وتكاليف الأصناف المصنعة خلال الفترة المحددة، بعد التحويل إلى {0}."
"{0} The following items were skipped because they cannot be converted to weight reliably: {1}{2}","{0} تم تجاوز الأصناف التالية لأنه لا يمكن تحويلها إلى وزن بشكل موثوق: {1}{2}"
"Reason","السبب",""
"Rows shown in red have missing or incompatible unit/weight data and are excluded from totals.","الصفوف باللون الأحمر لديها نقص أو اختلاف في بيانات الوحدة أو الوزن، لذلك تم استبعادها من الإجماليات.",""
"Missing stock UOM.","الوحدة الأساسية للصنف غير مُدخلة.",""
"Missing item weight. Please add weight_per_unit in Item.","وزن الصنف غير مُدخل. أضف weight_per_unit في بطاقة الصنف.",""
"Missing weight UOM. Please add weight_uom in Item.","وحدة وزن الصنف غير مُدخلة. أضف weight_uom في بطاقة الصنف.",""
"Different item UOM ({0}). Please add valid weight_per_unit and weight_uom for conversion to {1}.","وحدة الصنف مختلفة ({0}). أضف weight_per_unit و weight_uom صالحين للتحويل إلى {1}.",""
"Unsupported weight UOM ({0}). Please use a weight unit that can be converted to Kg/Ton.","وحدة الوزن غير مدعومة ({0}). استخدم وحدة وزن يمكن تحويلها إلى كجم أو طن.",""
"Quantity could not be converted to the selected unit.","تعذر تحويل الكمية إلى الوحدة المختارة.",""
"Quantity by Period","الكميات حسب الفترة","Report"
"This report shows purchased and manufactured quantities and costs for the selected period, converted to the selected unit and grouped by Item Group.","يعرض هذا التقرير كميات وتكاليف المواد المشتراة والأصناف المصنعة خلال الفترة المحددة، مع تحويل الكمية إلى الوحدة المختارة وتجميعها حسب مجموعة الصنف.",""
"Collapse All","طي الكل",""
"Expand All","توسيع الكل",""
"No standard UOM conversion from {0} to {1}, and item weight data is missing.","لا يوجد تحويل قياسي للوحدة من {0} إلى {1}، وبيانات وزن الصنف غير موجودة.",""
"No standard UOM conversion from {0} to {1}, and weight_per_unit is missing.","لا يوجد تحويل قياسي للوحدة من {0} إلى {1}، والحقل weight_per_unit غير مُدخل.",""
"No standard UOM conversion from {0} to {1}, and weight_uom is missing.","لا يوجد تحويل قياسي للوحدة من {0} إلى {1}، والحقل weight_uom غير مُدخل.",""
"No standard UOM conversion from {0} to {1}, and weight_uom ({2}) is unsupported.","لا يوجد تحويل قياسي للوحدة من {0} إلى {1}، ووحدة الوزن ({2}) غير مدعومة.",""
"Unknown reason.","سبب غير معروف.",""
"Grand Total","الإجمالي الكلي",""
"Conversion Basis","أساس التحويل",""
"Stock UOM","الوحدة الأساسية للصنف",""
"Standard UOM Conversion","تحويل وحدة قياسي",""
"BOM taj_total_weight","حقل taj_total_weight من الـ BOM",""
"Item weight fields","حقول وزن الصنف",""
"Business rule: Liter = Kg","قاعدة العمل: اللتر = الكيلو",""
"Business rule: Milliliter = Gram","قاعدة العمل: الملليلتر = الجرام",""
"Used business rule: Liter = Kg.","تم استخدام قاعدة العمل: اللتر = الكيلو.",""
"Used business rule: Milliliter = Gram.","تم استخدام قاعدة العمل: الملليلتر = الجرام.",""
"No conversion rule found from {0} to {1}.","لا توجد قاعدة تحويل من {0} إلى {1}.",""
"Default Required Worker Count (Optional)","العدد الافتراضي المطلوب من العمال (اختياري)"
"Required Worker Count (Production)","العدد المطلوب من العمال (الإنتاج)"
"Required Workers (Production)","العمال المطلوبون (الإنتاج)"
"Set by Production for this checklist run.","يحدده الإنتاج لهذا الفحص."
"Required worker count updated.","تم تحديث العدد المطلوب من العمال."
"External Workforce Attendance","حضور العمالة الخارجية"
"Worker Company","شركة العمالة"
"Badge / Worker No.","رقم العامل / البطاقة"
"Staffing Status","حالة العدد المطلوب"
"You do not have access to External Workforce Attendance.","ليس لديك صلاحية للوصول إلى تقرير حضور العمالة الخارجية."
"Required Worker Count cannot be negative.","لا يمكن أن يكون العدد المطلوب من العمال سالبًا."
"Cycle & Deadline Behavior","سلوك الدورة والموعد"
"Cycle Behavior","سلوك الدورة"
"Fresh Every Cycle","جديد في كل دورة"
"Continue Until Completed","استمرار حتى الاكتمال"
"Required Before Production","مطلوب قبل الإنتاج"
"Notify When Overdue","تنبيه عند التأخير"
"Escalate After Minutes","التصعيد بعد (دقائق)"
"Escalation User","مستخدم التصعيد"
"Cycle & Production Audit","تدقيق الدورة وبدء الإنتاج"
"Overdue Notified At","تم تنبيه التأخير في"
"Escalated At","تم التصعيد في"
"Production Started Before Completion","بدأ الإنتاج قبل اكتمال الفحص"
"Production Started At","بدأ الإنتاج في"
"Production Work Order","أمر الإنتاج"
"Completion % At Production Start","نسبة الاكتمال عند بدء الإنتاج"
"Incomplete Items At Production Start","البنود غير المكتملة عند بدء الإنتاج"
"Auto Closed - Incomplete","أغلق تلقائياً - غير مكتمل"
"Missed","لم يتم التنفيذ"
"Production Started Early","بدأ الإنتاج قبل اكتمال المتطلبات"
"Production Started Before Checklist Completion","بدأ الإنتاج قبل اكتمال قائمة الفحص"
"Completion At Production Start","الاكتمال عند بدء الإنتاج"
"Incomplete At Production Start","غير المكتمل عند بدء الإنتاج"
"Checklist Overdue: {0}","قائمة الفحص متأخرة: {0}"
"Checklist Escalated: {0}","تم تصعيد قائمة الفحص: {0}"
"A checklist required before production must use Fresh Every Cycle behavior.","قائمة الفحص المطلوبة قبل الإنتاج يجب أن تكون جديدة في كل دورة."
"Overdue notification must be enabled before escalation can be configured.","يجب تفعيل تنبيه التأخير قبل إعداد التصعيد."
"Escalate After Minutes is required when an Escalation User is configured.","يجب تحديد مدة التصعيد بالدقائق عند تحديد مستخدم للتصعيد."
"Checklist not submitted","لم يتم إرسال قائمة الفحص"
"Checklist cannot be started before its scheduled start time: {0}.","لا يمكن بدء قائمة الفحص قبل وقت البدء المجدول: {0}."
"Scheduled start","وقت البدء المجدول"
"This checklist is view-only until its scheduled start time.","قائمة الفحص للعرض فقط حتى يحين وقت البدء المجدول."
"Asset","الأصل"
"Optional physical equipment scope. Use this when multiple assets share the same maintenance template.","ربط اختياري بالمعدة الفعلية لتمييز الأصول التي تستخدم نفس نموذج الصيانة."
